group,x,y,is_feed
BLOCK_0,3428.03,787.072,1
BLOCK_0,1877,787.072,1
BLOCK_0,1877,402.002,1
BLOCK_0,1458,402.002,1
BLOCK_0,1458,0,1
BLOCK_0,3428.03,0,1
BLOCK_1,0,5084,1
BLOCK_1,0,5184,1
BLOCK_1,110,5184,1
BLOCK_1,110,5084,1
BLOCK_2,1766,403,1
BLOCK_2,1766,503,1
BLOCK_2,1876,503,1
BLOCK_2,1876,403,1
BLOCK_3,8103,10178,1
BLOCK_3,8103,10278,1
BLOCK_3,8213,10278,1
BLOCK_3,8213,10178,1
BLOCK_4,11325,1378,1
BLOCK_4,11325,1478,1
BLOCK_4,11435,1478,1
BLOCK_4,11435,1378,1
BLOCK_5,143,129,0
BLOCK_5,143,329,0
BLOCK_5,343,329,0
BLOCK_5,343,129,0
BLOCK_6,6067,852,1
BLOCK_6,6067,1447,1
BLOCK_6,6610,1447,1
BLOCK_6,6610,852,1
BLOCK_7,5443,10324,1
BLOCK_7,5443,10390,1
BLOCK_7,5574,10390,1
BLOCK_7,5574,10324,1
BLOCK_8,4419,155,0
BLOCK_8,4419,221,0
BLOCK_8,4550,221,0
BLOCK_8,4550,155,0
BLOCK_9,11010,10390,0
BLOCK_9,11010,10299,0
BLOCK_9,11344,10299,0
BLOCK_9,11344,9383,0
BLOCK_9,11435,9383,0
BLOCK_9,11435,10390,0
BLOCK_10,6221,10299,0
BLOCK_10,6221,10390,0
BLOCK_10,7033,10390,0
BLOCK_10,7033,10299,0
BLOCK_11,5674,10299,0
BLOCK_11,5674,10390,0
BLOCK_11,6201,10390,0
BLOCK_11,6201,10299,0
BLOCK_12,3682,0,0
BLOCK_12,3682,91,0
BLOCK_12,4282,91,0
BLOCK_12,4282,0,0
BLOCK_13,3283,10299,0
BLOCK_13,3283,10390,0
BLOCK_13,4323,10390,0
BLOCK_13,4323,10299,0
BLOCK_14,11435,834,0
BLOCK_14,11344,834,0
BLOCK_14,11344,91,0
BLOCK_14,10947,91,0
BLOCK_14,10947,0,0
BLOCK_14,11435,0,0
BLOCK_15,5549,167,0
BLOCK_15,5549,258,0
BLOCK_15,6027,258,0
BLOCK_15,6027,167,0
BLOCK_16,5556,0,0
BLOCK_16,5556,91,0
BLOCK_16,6034,91,0
BLOCK_16,6034,0,0
BLOCK_17,7977,10299,0
BLOCK_17,7977,10390,0
BLOCK_17,8489,10390,0
BLOCK_17,8489,10299,0
BLOCK_18,11344,4367,0
BLOCK_18,11344,4768,0
BLOCK_18,11435,4768,0
BLOCK_18,11435,4367,0
BLOCK_19,11344,3789,0
BLOCK_19,11344,4347,0
BLOCK_19,11435,4347,0
BLOCK_19,11435,3789,0
BLOCK_20,11344,3334,0
BLOCK_20,11344,3769,0
BLOCK_20,11435,3769,0
BLOCK_20,11435,3334,0
BLOCK_21,4298,0,0
BLOCK_21,4298,91,0
BLOCK_21,5495,91,0
BLOCK_21,5495,0,0
BLOCK_22,11344,854,0
BLOCK_22,11344,1334,0
BLOCK_22,11435,1334,0
BLOCK_22,11435,854,0
BLOCK_23,4343,10299,0
BLOCK_23,4343,10390,0
BLOCK_23,5423,10390,0
BLOCK_23,5423,10299,0
BLOCK_24,4887,162,0
BLOCK_24,4887,253,0
BLOCK_24,5463,253,0
BLOCK_24,5463,162,0
BLOCK_25,0,9492,0
BLOCK_25,0,10072,0
BLOCK_25,91,10072,0
BLOCK_25,91,9492,0
BLOCK_26,91,10299,0
BLOCK_26,424,10299,0
BLOCK_26,424,10390,0
BLOCK_26,0,10390,0
BLOCK_26,0,10134,0
BLOCK_26,91,10134,0
BLOCK_27,0,5204,0
BLOCK_27,0,5564,0
BLOCK_27,91,5564,0
BLOCK_27,91,5204,0
BLOCK_28,0,7008,0
BLOCK_28,0,7561,0
BLOCK_28,91,7561,0
BLOCK_28,91,7008,0
BLOCK_29,11344,4788,0
BLOCK_29,11344,5748,0
BLOCK_29,11435,5748,0
BLOCK_29,11435,4788,0
BLOCK_30,0,5584,0
BLOCK_30,0,6114,0
BLOCK_30,91,6114,0
BLOCK_30,91,5584,0
BLOCK_31,0,6134,0
BLOCK_31,0,6988,0
BLOCK_31,91,6988,0
BLOCK_31,91,6134,0
BLOCK_32,461,10299,0
BLOCK_32,461,10390,0
BLOCK_32,541,10390,0
BLOCK_32,541,10299,0
BLOCK_33,7053,10299,0
BLOCK_33,7053,10390,0
BLOCK_33,7506,10390,0
BLOCK_33,7506,10299,0
BLOCK_34,7526,10299,0
BLOCK_34,7526,10390,0
BLOCK_34,7957,10390,0
BLOCK_34,7957,10299,0
BLOCK_35,91,279,0
BLOCK_35,0,279,0
BLOCK_35,0,0,0
BLOCK_35,658,0,0
BLOCK_35,658,91,0
BLOCK_35,91,91,0
BLOCK_36,1438,0,0
BLOCK_36,1438,445,0
BLOCK_36,1347,445,0
BLOCK_36,1347,91,0
BLOCK_36,737,91,0
BLOCK_36,737,0,0
BLOCK_37,4040,3808,1
BLOCK_37,4040,3908,1
BLOCK_37,4180,3908,1
BLOCK_37,4180,3808,1
BLOCK_38,7770,5352,0
BLOCK_38,7770,5452,0
BLOCK_38,7910,5452,0
BLOCK_38,7910,5352,0
BLOCK_39,845,142,1
BLOCK_39,845,277,1
BLOCK_39,1223,277,1
BLOCK_39,1223,142,1
BLOCK_40,598,638,0
BLOCK_40,598,901.406,0
BLOCK_40,832.24,901.406,0
BLOCK_40,832.24,638,0
BLOCK_41,1075,640,0
BLOCK_41,1075,903.406,0
BLOCK_41,1309.24,903.406,0
BLOCK_41,1309.24,640,0
BLOCK_42,599,302,0
BLOCK_42,599,565.406,0
BLOCK_42,833.24,565.406,0
BLOCK_42,833.24,302,0
BLOCK_43,1075,372,0
BLOCK_43,1075,635.406,0
BLOCK_43,1309.24,635.406,0
BLOCK_43,1309.24,372,0
BLOCK_44,835,373,0
BLOCK_44,835,636.406,0
BLOCK_44,1069.24,636.406,0
BLOCK_44,1069.24,373,0
BLOCK_45,835,638,0
BLOCK_45,835,901.406,0
BLOCK_45,1069.24,901.406,0
BLOCK_45,1069.24,638,0
BLOCK_46,1556,639,0
BLOCK_46,1556,902.406,0
BLOCK_46,1790.24,902.406,0
BLOCK_46,1790.24,639,0
BLOCK_47,1316,638,0
BLOCK_47,1316,901.406,0
BLOCK_47,1550.24,901.406,0
BLOCK_47,1550.24,638,0
BLOCK_48,692,568,1
BLOCK_48,692,635,1
BLOCK_48,761,635,1
BLOCK_48,761,568,1
BLOCK_49,1470,567,1
BLOCK_49,1470,634,1
BLOCK_49,1539,634,1
BLOCK_49,1539,567,1
BLOCK_50,1395,566,1
BLOCK_50,1395,633,1
BLOCK_50,1464,633,1
BLOCK_50,1464,566,1
BLOCK_51,763,568,1
BLOCK_51,763,635,1
BLOCK_51,832,635,1
BLOCK_51,832,568,1
BLOCK_52,235,2973,1
BLOCK_52,235,3661,1
BLOCK_52,265,3661,1
BLOCK_52,265,2973,1
BLOCK_53,2460,5396,1
BLOCK_53,1218,5396,1
BLOCK_53,1218,4141,1
BLOCK_53,1715,4141,1
BLOCK_53,1715,4228,1
BLOCK_53,3001,4228,1
BLOCK_53,3001,4307,1
BLOCK_53,3033,4307,1
BLOCK_53,3033,5381,1
BLOCK_53,3077,5381,1
BLOCK_53,3077,5501,1
BLOCK_53,2945,5501,1
BLOCK_53,2945,5598,1
BLOCK_53,2804,5598,1
BLOCK_53,2804,5891,1
BLOCK_53,2460,5891,1
BLOCK_54,7370,3172,1
BLOCK_54,7406,3172,1
BLOCK_54,7406,2995,1
BLOCK_54,8186,2995,1
BLOCK_54,8186,3166,1
BLOCK_54,8392,3166,1
BLOCK_54,8392,3566,1
BLOCK_54,8181,3566,1
BLOCK_54,8181,3811,1
BLOCK_54,7454,3811,1
BLOCK_54,7454,3533.87,1
BLOCK_54,7370,3533.87,1
BLOCK_55,7406,2154,1
BLOCK_55,7406,2975,1
BLOCK_55,8082,2975,1
BLOCK_55,8082,2154,1
BLOCK_56,8102,2160,1
BLOCK_56,8796,2160,1
BLOCK_56,8796,3146,1
BLOCK_56,8206,3146,1
BLOCK_56,8206,2975,1
BLOCK_56,8102,2975,1
BLOCK_57,7440,4819,0
BLOCK_57,7440,5326,0
BLOCK_57,8308,5326,0
BLOCK_57,8308,4819,0
BLOCK_58,8135,4684,1
BLOCK_58,8135,4789,1
BLOCK_58,8305,4789,1
BLOCK_58,8305,4684,1
BLOCK_59,8333,4682,0
BLOCK_59,8333,5548,0
BLOCK_59,9161,5548,0
BLOCK_59,9161,4682,0
BLOCK_60,1537,9864,1
BLOCK_60,561,9864,1
BLOCK_60,561,10251,1
BLOCK_60,159,10251,1
BLOCK_60,159,9769,1
BLOCK_60,1537,9769,1
BLOCK_61,7765,5450,0
BLOCK_61,7645,5450,0
BLOCK_61,7645,5549,0
BLOCK_61,7574,5549,0
BLOCK_61,7574,5350,0
BLOCK_61,7765,5350,0
BLOCK_62,4450.37,3908,1
BLOCK_62,4192,3908,1
BLOCK_62,4192,3795,1
BLOCK_62,4041,3795,1
BLOCK_62,4041,3682,1
BLOCK_62,4777,3682,1
BLOCK_62,4777,4217,1
BLOCK_62,4450.37,4217,1
BLOCK_63,6085.14,3609,1
BLOCK_63,6675,3609,1
BLOCK_63,6675,4778,1
BLOCK_63,6171,4778,1
BLOCK_63,6171,4525,1
BLOCK_63,5840,4525,1
BLOCK_63,5840,3640.82,1
BLOCK_63,6085.14,3640.82,1
BLOCK_64,5712.04,5008,1
BLOCK_64,6172,5008,1
BLOCK_64,6172,4798,1
BLOCK_64,7367.04,4798,1
BLOCK_64,7367.04,5566,1
BLOCK_64,7212.04,5566,1
BLOCK_64,7212.04,6385,1
BLOCK_64,5712.04,6385,1
BLOCK_65,7339,701.998,1
BLOCK_65,7339,1051,1
BLOCK_65,7407,1051,1
BLOCK_65,7407,1378,1
BLOCK_65,7058,1378,1
BLOCK_65,7058,1173,1
BLOCK_65,6666,1173,1
BLOCK_65,6666,807.998,1
BLOCK_65,6126,807.998,1
BLOCK_65,6126,701.998,1
BLOCK_66,3234,4407,1
BLOCK_66,3234,4875,1
BLOCK_66,3781,4875,1
BLOCK_66,3781,4407,1
BLOCK_67,2906,9621,1
BLOCK_67,2906,9113,1
BLOCK_67,3228,9113,1
BLOCK_67,3228,9689,1
BLOCK_67,2955,9689,1
BLOCK_67,2955,9689,1
BLOCK_67,2514,9689,1
BLOCK_67,2514,9621,1
BLOCK_68,5038,4868,1
BLOCK_68,5038,5008,1
BLOCK_68,5692,5008,1
BLOCK_68,5692,6385,1
BLOCK_68,4722,6385,1
BLOCK_68,4722,6316,1
BLOCK_68,3951,6316,1
BLOCK_68,3951,4868,1
BLOCK_69,10700,1923,1
BLOCK_69,10700,1968,1
BLOCK_69,10730,1968,1
BLOCK_69,10730,1923,1
BLOCK_70,7351,2702,1
BLOCK_70,7351,3152,1
BLOCK_70,7386,3152,1
BLOCK_70,7386,2702,1
BLOCK_71,8816,2713,1
BLOCK_71,8816,3163,1
BLOCK_71,8851,3163,1
BLOCK_71,8851,2713,1
BLOCK_72,3020,3285,1
BLOCK_72,3020,3735,1
BLOCK_72,3055,3735,1
BLOCK_72,3055,3285,1
BLOCK_73,10672,2694,1
BLOCK_73,10672,3144,1
BLOCK_73,10727,3144,1
BLOCK_73,10727,2694,1
BLOCK_74,821,1952,1
BLOCK_74,821,2402,1
BLOCK_74,876,2402,1
BLOCK_74,876,1952,1
BLOCK_75,3127,6821,0
BLOCK_75,3127,7271,0
BLOCK_75,3182,7271,0
BLOCK_75,3182,6821,0
BLOCK_76,6072,3534,1
BLOCK_76,6072,3589,1
BLOCK_76,6522,3589,1
BLOCK_76,6522,3534,1
BLOCK_77,9706,4440,1
BLOCK_77,9706,4495,1
BLOCK_77,10156,4495,1
BLOCK_77,10156,4440,1
BLOCK_78,10519,7322,1
BLOCK_78,10519,7377,1
BLOCK_78,10969,7377,1
BLOCK_78,10969,7322,1
BLOCK_79,1455,7794,0
BLOCK_79,1455,7849,0
BLOCK_79,1905,7849,0
BLOCK_79,1905,7794,0
BLOCK_80,10819,4460,1
BLOCK_80,10819,4495,1
BLOCK_80,11269,4495,1
BLOCK_80,11269,4460,1
BLOCK_81,1065,3018,1
BLOCK_81,1065,3053,1
BLOCK_81,1515,3053,1
BLOCK_81,1515,3018,1
BLOCK_82,7351,2152,1
BLOCK_82,7351,2702,1
BLOCK_82,7386,2702,1
BLOCK_82,7386,2152,1
BLOCK_83,8816,2163,1
BLOCK_83,8816,2713,1
BLOCK_83,8851,2713,1
BLOCK_83,8851,2163,1
BLOCK_84,3021,3737,1
BLOCK_84,3021,4287,1
BLOCK_84,3056,4287,1
BLOCK_84,3056,3737,1
BLOCK_85,10672,2141,1
BLOCK_85,10672,2691,1
BLOCK_85,10727,2691,1
BLOCK_85,10727,2141,1
BLOCK_86,9205,4997,1
BLOCK_86,9205,5547,1
BLOCK_86,9260,5547,1
BLOCK_86,9260,4997,1
BLOCK_87,821,2403,1
BLOCK_87,821,2953,1
BLOCK_87,876,2953,1
BLOCK_87,876,2403,1
BLOCK_88,3092,6262,0
BLOCK_88,3092,6812,0
BLOCK_88,3147,6812,0
BLOCK_88,3147,6262,0
BLOCK_89,6522,3534,1
BLOCK_89,6522,3589,1
BLOCK_89,7162,3589,1
BLOCK_89,7162,3534,1
BLOCK_90,9876,7322,1
BLOCK_90,9876,7377,1
BLOCK_90,10516,7377,1
BLOCK_90,10516,7322,1
BLOCK_91,1265,7428,0
BLOCK_91,1265,7483,0
BLOCK_91,1905,7483,0
BLOCK_91,1905,7428,0
BLOCK_92,1521,3001,1
BLOCK_92,1521,3056,1
BLOCK_92,2161,3056,1
BLOCK_92,2161,3001,1
BLOCK_93,6695,4126,1
BLOCK_93,6695,4775,1
BLOCK_93,7886,4775,1
BLOCK_93,7886,4126,1
BLOCK_94,7941,3831,1
BLOCK_94,7941,4471,1
BLOCK_94,8392,4471,1
BLOCK_94,8392,3831,1
BLOCK_95,8816,1979,0
BLOCK_95,8816,2134,0
BLOCK_95,7410,2134,0
BLOCK_95,7410,1050,0
BLOCK_95,7341,1050,0
BLOCK_95,7341,702,0
BLOCK_95,7301,702,0
BLOCK_95,7301,0,0
BLOCK_95,10854,0,0
BLOCK_95,10854,213.284,0
BLOCK_95,11234,213.284,0
BLOCK_95,11234,1309,0
BLOCK_95,10699,1309,0
BLOCK_95,10699,1979,0
BLOCK_96,5038,4848,1
BLOCK_96,4126.64,4848,1
BLOCK_96,4126.64,4235.67,1
BLOCK_96,4780,4235.67,1
BLOCK_96,4780,4545,1
BLOCK_96,5038,4545,1
BLOCK_97,4800,4525,1
BLOCK_97,4800,3862,1
BLOCK_97,5203,3862,1
BLOCK_97,5203,3643,1
BLOCK_97,5820,3643,1
BLOCK_97,5820,4525,1
BLOCK_98,9547,4545,0
BLOCK_98,11269,4545,0
BLOCK_98,11269,5848,0
BLOCK_98,11390,5848,0
BLOCK_98,11390,6459,0
BLOCK_98,10975,6459,0
BLOCK_98,10975,7317,0
BLOCK_98,9260,7317,0
BLOCK_98,9260,4784,0
BLOCK_98,9547,4784,0
BLOCK_99,1548,569,1
BLOCK_99,1548,632,1
BLOCK_99,1736,632,1
BLOCK_99,1736,569,1
BLOCK_100,6695,4105.87,1
BLOCK_100,6695,3609,1
BLOCK_100,7184,3609,1
BLOCK_100,7184,3553.87,1
BLOCK_100,7434,3553.87,1
BLOCK_100,7434,4105.87,1
BLOCK_101,4028.64,3675.16,0
BLOCK_101,4028.64,4316.37,0
BLOCK_101,3084.77,4316.37,0
BLOCK_101,3084.77,3283.91,0
BLOCK_101,3019.97,3283.91,0
BLOCK_101,3019.97,4207.69,0
BLOCK_101,1735.01,4207.69,0
BLOCK_101,1735.01,4120.74,0
BLOCK_101,450,4120.74,0
BLOCK_101,450,3077.42,0
BLOCK_101,2165.47,3077.42,0
BLOCK_101,2165.47,2990.47,0
BLOCK_101,880.464,2990.47,0
BLOCK_101,880.464,1947.14,0
BLOCK_101,825.744,1947.14,0
BLOCK_101,825.744,903.816,0
BLOCK_101,1790.64,903.816,0
BLOCK_101,1790.64,816.872,0
BLOCK_101,3495.17,816.872,0
BLOCK_101,3495.17,230,0
BLOCK_101,4780.13,230,0
BLOCK_101,4780.13,316.944,0
BLOCK_101,6065.14,316.944,0
BLOCK_101,6065.14,1447.22,0
BLOCK_101,7350.14,1447.22,0
BLOCK_101,7350.14,3533.87,0
BLOCK_101,6065.14,3533.87,0
BLOCK_101,6065.14,3620.82,0
BLOCK_101,4780.13,3620.82,0
BLOCK_101,4780.13,3675.16,0
BLOCK_102,1568,9635,1
BLOCK_102,1568,9685,1
BLOCK_102,2494,9685,1
BLOCK_102,2494,9635,1
BLOCK_103,5058,4545,1
BLOCK_103,5058,4988,1
BLOCK_103,6151,4988,1
BLOCK_103,6151,4545,1
BLOCK_104,10156,4495,0
BLOCK_104,10156,4440,0
BLOCK_104,9706,4440,0
BLOCK_104,9706,4475,0
BLOCK_104,8412,4475,0
BLOCK_104,8412,3166,0
BLOCK_104,8851,3166,0
BLOCK_104,8851,2014,0
BLOCK_104,10672,2014,0
BLOCK_104,10672,3146,0
BLOCK_104,10732,3146,0
BLOCK_104,10732,3366,0
BLOCK_104,11284,3366,0
BLOCK_104,11284,4460,0
BLOCK_104,10819,4460,0
BLOCK_104,10819,4495,0
BLOCK_105,10825,2358,0
BLOCK_105,10825,3314,0
BLOCK_105,11435,3314,0
BLOCK_105,11435,1499,0
BLOCK_105,10785,1499,0
BLOCK_105,10785,2358,0
BLOCK_106,10825,8481,0
BLOCK_106,10825,7525,0
BLOCK_106,11435,7525,0
BLOCK_106,11435,9340,0
BLOCK_106,10785,9340,0
BLOCK_106,10785,8481,0
BLOCK_107,610,1973,0
BLOCK_107,610,2929,0
BLOCK_107,0,2929,0
BLOCK_107,0,1114,0
BLOCK_107,650,1114,0
BLOCK_107,650,1973,0
BLOCK_108,610,8537,0
BLOCK_108,610,7581,0
BLOCK_108,0,7581,0
BLOCK_108,0,9396,0
BLOCK_108,650,9396,0
BLOCK_108,650,8537,0
BLOCK_109,11009,6499,1
BLOCK_109,11009,7499,1
BLOCK_109,11139,7499,1
BLOCK_109,11139,6499,1
BLOCK_110,8506,9932,1
BLOCK_110,8506,10062,1
BLOCK_110,10845,10062,1
BLOCK_110,10845,9932,1
BLOCK_111,4701.92,6335.74,0
BLOCK_111,4701.92,6424.74,0
BLOCK_111,7231.92,6424.74,0
BLOCK_111,7231.92,5586,0
BLOCK_111,9201.92,5586,0
BLOCK_111,9201.92,7640.74,0
BLOCK_111,8511.92,7640.74,0
BLOCK_111,8511.92,8900.74,0
BLOCK_111,8011.92,8900.74,0
BLOCK_111,8011.92,10180.7,0
BLOCK_111,3322,10180.7,0
BLOCK_111,3322,6335.74,0
BLOCK_112,3302,6316,1
BLOCK_112,3197,6316,1
BLOCK_112,3197,6142,1
BLOCK_112,2683,6142,1
BLOCK_112,2683,5911,1
BLOCK_112,2838,5911,1
BLOCK_112,2838,5618,1
BLOCK_112,2965,5618,1
BLOCK_112,2965,5521,1
BLOCK_112,3097,5521,1
BLOCK_112,3097,4988,1
BLOCK_112,3913,4988,1
BLOCK_112,3913,6315.74,1
BLOCK_112,3302,6315.74,1
BLOCK_113,11284,9378,0
BLOCK_113,11284,10151,0
BLOCK_113,11033,10151,0
BLOCK_113,11033,10057,0
BLOCK_113,10909,10057,0
BLOCK_113,10909,9916,0
BLOCK_113,8022,9916,0
BLOCK_113,8022,8911,0
BLOCK_113,8522,8911,0
BLOCK_113,8522,7651,0
BLOCK_113,9212,7651,0
BLOCK_113,9212,7373,0
BLOCK_113,9812,7373,0
BLOCK_113,9812,7457,0
BLOCK_113,10513,7457,0
BLOCK_113,10513,7489,0
BLOCK_113,10697,7489,0
BLOCK_113,10697,9378,0
BLOCK_114,3202,7271,0
BLOCK_114,3202,8931,0
BLOCK_114,2905,8931,0
BLOCK_114,2905,9620,0
BLOCK_114,700,9620,0
BLOCK_114,700,8466,0
BLOCK_114,749,8466,0
BLOCK_114,749,7849,0
BLOCK_114,1905,7849,0
BLOCK_114,1905,7794,0
BLOCK_114,749,7794,0
BLOCK_114,749,7483,0
BLOCK_114,1905,7483,0
BLOCK_114,1905,7428,0
BLOCK_114,245,7428,0
BLOCK_114,245,6566,0
BLOCK_114,205,6566,0
BLOCK_114,205,5416,0
BLOCK_114,2410,5416,0
BLOCK_114,2410,6162,0
BLOCK_114,3092,6162,0
BLOCK_114,3092,6813,0
BLOCK_114,3127,6813,0
BLOCK_114,3127,7271,0
BLOCK_115,563,10390,1
BLOCK_115,563,9865.01,1
BLOCK_115,1523,9865.01,1
BLOCK_115,1523,10390,1
BLOCK_116,428,9501,0
BLOCK_116,428,9642.28,0
BLOCK_116,593.024,9642.28,0
BLOCK_116,593.024,9501,0
BLOCK_117,10699,1310,0
BLOCK_117,10699,1451.28,0
BLOCK_117,10864,1451.28,0
BLOCK_117,10864,1310,0
BLOCK_118,10865,1310,0
BLOCK_118,10865,1451.28,0
BLOCK_118,11030,1451.28,0
BLOCK_118,11030,1310,0
BLOCK_119,11032,1311,0
BLOCK_119,11032,1452.28,0
BLOCK_119,11197,1452.28,0
BLOCK_119,11197,1311,0
BLOCK_120,254,9502,0
BLOCK_120,254,9643.28,0
BLOCK_120,419.024,9643.28,0
BLOCK_120,419.024,9502,0
BLOCK_121,6601,0,0
BLOCK_121,6601,699.998,0
BLOCK_121,7291,699.998,0
BLOCK_121,7291,0,0
BLOCK_122,2503,10390,1
BLOCK_122,2503,9690,1
BLOCK_122,2953,9690,1
BLOCK_122,2953,10390,1
BLOCK_123,6131,0,0
BLOCK_123,6131,699.998,0
BLOCK_123,6581,699.998,0
BLOCK_123,6581,0,0
BLOCK_124,7781,5454,0
BLOCK_124,7781,5550.67,0
BLOCK_124,7911.37,5550.67,0
BLOCK_124,7911.37,5454,0
BLOCK_125,8175,5453,0
BLOCK_125,8175,5356.33,0
BLOCK_125,8305.37,5356.33,0
BLOCK_125,8305.37,5453,0
BLOCK_126,7912,5451,0
BLOCK_126,7912,5354.33,0
BLOCK_126,8042.37,5354.33,0
BLOCK_126,8042.37,5451,0
BLOCK_127,8174,5454,0
BLOCK_127,8174,5550.67,0
BLOCK_127,8304.37,5550.67,0
BLOCK_127,8304.37,5454,0
BLOCK_128,7912,5454,0
BLOCK_128,7912,5550.67,0
BLOCK_128,8042.37,5550.67,0
BLOCK_128,8042.37,5454,0
BLOCK_129,7650,5454,0
BLOCK_129,7650,5550.67,0
BLOCK_129,7780.37,5550.67,0
BLOCK_129,7780.37,5454,0
BLOCK_130,8043,5454,0
BLOCK_130,8043,5550.67,0
BLOCK_130,8173.37,5550.67,0
BLOCK_130,8173.37,5454,0
BLOCK_131,4175,4013,1
BLOCK_131,4175,3916.33,1
BLOCK_131,4305.37,3916.33,1
BLOCK_131,4305.37,4013,1
BLOCK_132,4176,4119,1
BLOCK_132,4176,4215.67,1
BLOCK_132,4306.37,4215.67,1
BLOCK_132,4306.37,4119,1
BLOCK_133,8043,5357,0
BLOCK_133,8043,5453.67,0
BLOCK_133,8173.37,5453.67,0
BLOCK_133,8173.37,5357,0
BLOCK_134,4175,4017,1
BLOCK_134,4175,4113.67,1
BLOCK_134,4305.37,4113.67,1
BLOCK_134,4305.37,4017,1
BLOCK_135,4309,3919,1
BLOCK_135,4309,4015.67,1
BLOCK_135,4439.37,4015.67,1
BLOCK_135,4439.37,3919,1
BLOCK_136,4169,3916,1
BLOCK_136,4169,4012.67,1
BLOCK_136,4038.63,4012.67,1
BLOCK_136,4038.63,3916,1
BLOCK_137,4168,4015,1
BLOCK_137,4168,4111.67,1
BLOCK_137,4037.63,4111.67,1
BLOCK_137,4037.63,4015,1
BLOCK_138,4171,4119,1
BLOCK_138,4171,4215.67,1
BLOCK_138,4040.63,4215.67,1
BLOCK_138,4040.63,4119,1
BLOCK_139,4310,4119,1
BLOCK_139,4310,4215.67,1
BLOCK_139,4440.37,4215.67,1
BLOCK_139,4440.37,4119,1
BLOCK_140,4309,4018,1
BLOCK_140,4309,4114.67,1
BLOCK_140,4439.37,4114.67,1
BLOCK_140,4439.37,4018,1
BLOCK_141,2023,10390,1
BLOCK_141,2023,9690,1
BLOCK_141,2473,9690,1
BLOCK_141,2473,10390,1
BLOCK_142,1543,10390,1
BLOCK_142,1543,9690,1
BLOCK_142,1993,9690,1
BLOCK_142,1993,10390,1
BLOCK_143,2973,10390,0
BLOCK_143,2973,10010.2,0
BLOCK_143,3232.97,10010.2,0
BLOCK_143,3232.97,10390,0
BLOCK_144,5597,10329,1
BLOCK_144,5597,10389.1,1
BLOCK_144,5657.14,10389.1,1
BLOCK_144,5657.14,10329,1
BLOCK_145,8051,10155,0
BLOCK_145,8051,10054.9,0
BLOCK_145,8151.27,10054.9,0
BLOCK_145,8151.27,10155,0
BLOCK_146,8051,9954,0
BLOCK_146,8051,10054.1,0
BLOCK_146,8151.27,10054.1,0
BLOCK_146,8151.27,9954,0
BLOCK_147,8152,10055,0
BLOCK_147,8152,10155.1,0
BLOCK_147,8252.27,10155.1,0
BLOCK_147,8252.27,10055,0
BLOCK_148,8152,9954,0
BLOCK_148,8152,10054.1,0
BLOCK_148,8252.27,10054.1,0
BLOCK_148,8252.27,9954,0
BLOCK_149,8353,10156,0
BLOCK_149,8353,10256.7,0
BLOCK_149,8452.36,10256.7,0
BLOCK_149,8452.36,10156,0
BLOCK_150,8352,10156,0
BLOCK_150,8352,10256.7,0
BLOCK_150,8252.64,10256.7,0
BLOCK_150,8252.64,10156,0
BLOCK_151,8453,10155,0
BLOCK_151,8453,9954.8,0
BLOCK_151,8252.41,9954.8,0
BLOCK_151,8252.41,10155,0
BLOCK_152,0,2964,0
BLOCK_152,221.808,2964,0
BLOCK_152,221.808,3491.96,0
BLOCK_152,232.032,3491.96,0
BLOCK_152,232.032,3662.98,0
BLOCK_152,0,3662.98,0
BLOCK_153,0,4362,0
BLOCK_153,221.808,4362,0
BLOCK_153,221.808,4889.96,0
BLOCK_153,232.032,4889.96,0
BLOCK_153,232.032,5060.98,0
BLOCK_153,0,5060.98,0
BLOCK_154,0,3663,0
BLOCK_154,221.808,3663,0
BLOCK_154,221.808,4190.96,0
BLOCK_154,232.032,4190.96,0
BLOCK_154,232.032,4361.98,0
BLOCK_154,0,4361.98,0
BLOCK_155,0,432,0
BLOCK_155,0,1076.8,0
BLOCK_155,472.8,1076.8,0
BLOCK_155,472.8,432,0
BLOCK_156,7052,1176,1
BLOCK_156,7052,1376.77,1
BLOCK_156,6861.44,1376.77,1
BLOCK_156,6861.44,1176,1
BLOCK_157,6672,1176,1
BLOCK_157,6672,1376.77,1
BLOCK_157,6862.56,1376.77,1
BLOCK_157,6862.56,1176,1
BLOCK_158,3044,9694,0
BLOCK_158,3044,9894.77,0
BLOCK_158,3234.56,9894.77,0
BLOCK_158,3234.56,9694,0
BLOCK_159,7375,5350,0
BLOCK_159,7375,5550.77,0
BLOCK_159,7565.56,5550.77,0
BLOCK_159,7565.56,5350,0
BLOCK_160,8201,3586,0
BLOCK_160,8201,3786.77,0
BLOCK_160,8391.56,3786.77,0
BLOCK_160,8391.56,3586,0
BLOCK_161,2471,5927,0
BLOCK_161,2471,6127.77,0
BLOCK_161,2661.56,6127.77,0
BLOCK_161,2661.56,5927,0
BLOCK_162,5182,3640,0
BLOCK_162,5182,3840.77,0
BLOCK_162,4991.44,3840.77,0
BLOCK_162,4991.44,3640,0
BLOCK_163,4801,3640,0
BLOCK_163,4801,3840.77,0
BLOCK_163,4991.56,3840.77,0
BLOCK_163,4991.56,3640,0
BLOCK_164,11435,7002,0
BLOCK_164,11435,7498.99,0
BLOCK_164,11145,7498.99,0
BLOCK_164,11145,7002,0
BLOCK_165,11435,6504,0
BLOCK_165,11435,7000.99,0
BLOCK_165,11145,7000.99,0
BLOCK_165,11145,6504,0
BLOCK_166,10379,10390,0
BLOCK_166,11001.7,10390,0
BLOCK_166,11001.7,10152.3,0
BLOCK_166,10695.7,10152.3,0
BLOCK_166,10695.7,10063.1,0
BLOCK_166,10379,10063.1,0
BLOCK_167,8510,10390,1
BLOCK_167,9132.7,10390,1
BLOCK_167,9132.7,10152.3,1
BLOCK_167,8826.7,10152.3,1
BLOCK_167,8826.7,10063.1,1
BLOCK_167,8510,10063.1,1
BLOCK_168,9133,10390,1
BLOCK_168,9755.7,10390,1
BLOCK_168,9755.7,10152.3,1
BLOCK_168,9449.7,10152.3,1
BLOCK_168,9449.7,10063.1,1
BLOCK_168,9133,10063.1,1
BLOCK_169,9756,10390,1
BLOCK_169,10378.7,10390,1
BLOCK_169,10378.7,10152.3,1
BLOCK_169,10072.7,10152.3,1
BLOCK_169,10072.7,10063.1,1
BLOCK_169,9756,10063.1,1
BLOCK_170,3449,0,0
BLOCK_170,3449,152.048,0
BLOCK_170,3631.02,152.048,0
BLOCK_170,3631.02,0,0
BLOCK_171,338,4141,1
BLOCK_171,338,5396,1
BLOCK_171,1198,5396,1
BLOCK_171,1198,4141,1
BLOCK_172,475,432,1
BLOCK_172,475,1073,1
BLOCK_172,500,1073,1
BLOCK_172,500,432,1
BLOCK_173,235,4364,1
BLOCK_173,235,5052,1
BLOCK_173,265,5052,1
BLOCK_173,265,4364,1
BLOCK_174,237,3664,1
BLOCK_174,237,4352,1
BLOCK_174,267,4352,1
BLOCK_174,267,3664,1
REGION_0,2498,0,2
REGION_0,2498,699.998,2
REGION_0,3428,699.998,2
REGION_0,3428,0,2
REGION_1,2238,0,2
REGION_1,2238,371.8,2
REGION_1,2478.24,371.8,2
REGION_1,2478.24,0,2
REGION_2,1978,0,2
REGION_2,1978,371.8,2
REGION_2,2218.24,371.8,2
REGION_2,2218.24,0,2
REGION_3,1718,0,2
REGION_3,1718,371.8,2
REGION_3,1958.24,371.8,2
REGION_3,1958.24,0,2
REGION_4,1458,1,2
REGION_4,1458,372.8,2
REGION_4,1698.24,372.8,2
REGION_4,1698.24,1,2
REGION_5,2471,5393,2
REGION_5,2471,5613.64,2
REGION_5,2631.46,5613.64,2
REGION_5,2631.46,5393,2
REGION_6,2631,5393,2
REGION_6,2631,5613.64,2
REGION_6,2791.46,5613.64,2
REGION_6,2791.46,5393,2
REGION_7,2501,5613,2
REGION_7,2501,5833.64,2
REGION_7,2631.37,5833.64,2
REGION_7,2631.37,5613,2
REGION_8,2631,5613,2
REGION_8,2631,5833.64,2
REGION_8,2791.46,5833.64,2
REGION_8,2791.46,5613,2
REGION_9,2804,5393,2
REGION_9,2804,5489.67,2
REGION_9,2934.37,5489.67,2
REGION_9,2934.37,5393,2
REGION_10,2804,5489,2
REGION_10,2804,5585.67,2
REGION_10,2934.37,5585.67,2
REGION_10,2934.37,5489,2
REGION_11,2934,5393,2
REGION_11,2934,5489.67,2
REGION_11,3064.37,5489.67,2
REGION_11,3064.37,5393,2
REGION_12,10781,5798,2
REGION_12,10781,5833,2
REGION_12,11231,5833,2
REGION_12,11231,5798,2
REGION_13,9840,6117,2
REGION_13,9840,6667,2
REGION_13,9875,6667,2
REGION_13,9875,6117,2
REGION_14,9780,0,2
REGION_14,9780,369.772,2
REGION_14,10855.6,369.772,2
REGION_14,10855.6,0,2
REGION_15,10787,1501,2
REGION_15,10787,3310.81,2
REGION_15,11435,3310.81,2
REGION_15,11435,1501,2
REGION_16,10787,7528.19,2
REGION_16,10787,9338,2
REGION_16,11435,9338,2
REGION_16,11435,7528.19,2
REGION_17,0,1116,2
REGION_17,0,2925.81,2
REGION_17,648,2925.81,2
REGION_17,648,1116,2
REGION_18,0,7582.19,2
REGION_18,0,9392,2
REGION_18,648,9392,2
REGION_18,648,7582.19,2
REGION_19,11280,5600,2
REGION_19,11280,5640,2
REGION_19,11320,5640,2
REGION_19,11320,5600,2
REGION_20,11280,4800,2
REGION_20,11280,4840,2
REGION_20,11320,4840,2
REGION_20,11320,4800,2
REGION_21,11280,4800,2
REGION_21,11280,4840,2
REGION_21,11320,4840,2
REGION_21,11320,4800,2
REGION_22,11280,4800,2
REGION_22,11280,4840,2
REGION_22,11320,4840,2
REGION_22,11320,4800,2
REGION_23,11280,5600,2
REGION_23,11280,5640,2
REGION_23,11320,5640,2
REGION_23,11320,5600,2
REGION_24,11280,4800,2
REGION_24,11280,4840,2
REGION_24,11320,4840,2
REGION_24,11320,4800,2
REGION_25,11280,5600,2
REGION_25,11280,5640,2
REGION_25,11320,5640,2
REGION_25,11320,5600,2
REGION_26,11280,4800,2
REGION_26,11280,4840,2
REGION_26,11320,4840,2
REGION_26,11320,4800,2
REGION_27,11280,4800,2
REGION_27,11280,4840,2
REGION_27,11320,4840,2
REGION_27,11320,4800,2
REGION_28,11280,4800,2
REGION_28,11280,4840,2
REGION_28,11320,4840,2
REGION_28,11320,4800,2
REGION_29,11280,5600,2
REGION_29,11280,5640,2
REGION_29,11320,5640,2
REGION_29,11320,5600,2
REGION_30,11280,5600,2
REGION_30,11280,5640,2
REGION_30,11320,5640,2
REGION_30,11320,5600,2
REGION_31,11280,4800,2
REGION_31,11280,4840,2
REGION_31,11320,4840,2
REGION_31,11320,4800,2
REGION_32,11280,4800,2
REGION_32,11280,4840,2
REGION_32,11320,4840,2
REGION_32,11320,4800,2
REGION_33,11280,4800,2
REGION_33,11280,4840,2
REGION_33,11320,4840,2
REGION_33,11320,4800,2
REGION_34,11280,4800,2
REGION_34,11280,4840,2
REGION_34,11320,4840,2
REGION_34,11320,4800,2
REGION_35,11280,4800,2
REGION_35,11280,4840,2
REGION_35,11320,4840,2
REGION_35,11320,4800,2
REGION_36,11280,4800,2
REGION_36,11280,4840,2
REGION_36,11320,4840,2
REGION_36,11320,4800,2
REGION_37,11280,5600,2
REGION_37,11280,5640,2
REGION_37,11320,5640,2
REGION_37,11320,5600,2
REGION_38,11280,4800,2
REGION_38,11280,4840,2
REGION_38,11320,4840,2
REGION_38,11320,4800,2
REGION_39,11280,4800,2
REGION_39,11280,4840,2
REGION_39,11320,4840,2
REGION_39,11320,4800,2
REGION_40,200,5120,2
REGION_40,200,5160,2
REGION_40,240,5160,2
REGION_40,240,5120,2
REGION_41,200,5280,2
REGION_41,200,5320,2
REGION_41,240,5320,2
REGION_41,240,5280,2
REGION_42,200,5280,2
REGION_42,200,5320,2
REGION_42,240,5320,2
REGION_42,240,5280,2
REGION_43,280,4800,2
REGION_43,280,4840,2
REGION_43,320,4840,2
REGION_43,320,4800,2
REGION_44,200,5280,2
REGION_44,200,5320,2
REGION_44,240,5320,2
REGION_44,240,5280,2
REGION_45,200,5120,2
REGION_45,200,5160,2
REGION_45,240,5160,2
REGION_45,240,5120,2
REGION_46,280,4800,2
REGION_46,280,4840,2
REGION_46,320,4840,2
REGION_46,320,4800,2
REGION_47,280,4800,2
REGION_47,280,4840,2
REGION_47,320,4840,2
REGION_47,320,4800,2
REGION_48,280,4800,2
REGION_48,280,4840,2
REGION_48,320,4840,2
REGION_48,320,4800,2
REGION_49,200,5280,2
REGION_49,200,5320,2
REGION_49,240,5320,2
REGION_49,240,5280,2
REGION_50,200,5280,2
REGION_50,200,5320,2
REGION_50,240,5320,2
REGION_50,240,5280,2
REGION_51,200,5120,2
REGION_51,200,5160,2
REGION_51,240,5160,2
REGION_51,240,5120,2
REGION_52,280,4800,2
REGION_52,280,4840,2
REGION_52,320,4840,2
REGION_52,320,4800,2
REGION_53,200,5120,2
REGION_53,200,5160,2
REGION_53,240,5160,2
REGION_53,240,5120,2
REGION_54,200,5120,2
REGION_54,200,5160,2
REGION_54,240,5160,2
REGION_54,240,5120,2
REGION_55,200,5280,2
REGION_55,200,5320,2
REGION_55,240,5320,2
REGION_55,240,5280,2
REGION_56,200,5120,2
REGION_56,200,5160,2
REGION_56,240,5160,2
REGION_56,240,5120,2
REGION_57,200,5280,2
REGION_57,200,5320,2
REGION_57,240,5320,2
REGION_57,240,5280,2
REGION_58,200,5280,2
REGION_58,200,5320,2
REGION_58,240,5320,2
REGION_58,240,5280,2
REGION_59,200,5280,2
REGION_59,200,5320,2
REGION_59,240,5320,2
REGION_59,240,5280,2
REGION_60,200,5120,2
REGION_60,200,5160,2
REGION_60,240,5160,2
REGION_60,240,5120,2
REGION_61,280,4800,2
REGION_61,280,4840,2
REGION_61,320,4840,2
REGION_61,320,4800,2
REGION_62,200,5280,2
REGION_62,200,5320,2
REGION_62,240,5320,2
REGION_62,240,5280,2
REGION_63,200,5280,2
REGION_63,200,5320,2
REGION_63,240,5320,2
REGION_63,240,5280,2
REGION_64,200,5280,2
REGION_64,200,5320,2
REGION_64,240,5320,2
REGION_64,240,5280,2
REGION_65,200,5280,2
REGION_65,200,5320,2
REGION_65,240,5320,2
REGION_65,240,5280,2
REGION_66,200,5280,2
REGION_66,200,5320,2
REGION_66,240,5320,2
REGION_66,240,5280,2
REGION_67,200,5280,2
REGION_67,200,5320,2
REGION_67,240,5320,2
REGION_67,240,5280,2
REGION_68,200,5280,2
REGION_68,200,5320,2
REGION_68,240,5320,2
REGION_68,240,5280,2
REGION_69,200,5280,2
REGION_69,200,5320,2
REGION_69,240,5320,2
REGION_69,240,5280,2
REGION_70,280,4800,2
REGION_70,280,4840,2
REGION_70,320,4840,2
REGION_70,320,4800,2
REGION_71,200,5280,2
REGION_71,200,5320,2
REGION_71,240,5320,2
REGION_71,240,5280,2
REGION_72,280,4800,2
REGION_72,280,4840,2
REGION_72,320,4840,2
REGION_72,320,4800,2
REGION_73,200,5120,2
REGION_73,200,5160,2
REGION_73,240,5160,2
REGION_73,240,5120,2
REGION_74,280,4800,2
REGION_74,280,4840,2
REGION_74,320,4840,2
REGION_74,320,4800,2
REGION_75,200,5280,2
REGION_75,200,5320,2
REGION_75,240,5320,2
REGION_75,240,5280,2
REGION_76,120,5480,2
REGION_76,120,5520,2
REGION_76,160,5520,2
REGION_76,160,5480,2
REGION_77,280,4800,2
REGION_77,280,4840,2
REGION_77,320,4840,2
REGION_77,320,4800,2
REGION_78,120,5480,2
REGION_78,120,5520,2
REGION_78,160,5520,2
REGION_78,160,5480,2
REGION_79,280,4800,2
REGION_79,280,4840,2
REGION_79,320,4840,2
REGION_79,320,4800,2
REGION_80,200,5280,2
REGION_80,200,5320,2
REGION_80,240,5320,2
REGION_80,240,5280,2
REGION_81,200,5280,2
REGION_81,200,5320,2
REGION_81,240,5320,2
REGION_81,240,5280,2
REGION_82,200,5280,2
REGION_82,200,5320,2
REGION_82,240,5320,2
REGION_82,240,5280,2
REGION_83,200,5280,2
REGION_83,200,5320,2
REGION_83,240,5320,2
REGION_83,240,5280,2
REGION_84,200,5280,2
REGION_84,200,5320,2
REGION_84,240,5320,2
REGION_84,240,5280,2
REGION_85,200,5280,2
REGION_85,200,5320,2
REGION_85,240,5320,2
REGION_85,240,5280,2
REGION_86,5680,120,2
REGION_86,5680,160,2
REGION_86,5720,160,2
REGION_86,5720,120,2
REGION_87,5280,120,2
REGION_87,5280,160,2
REGION_87,5320,160,2
REGION_87,5320,120,2
REGION_88,5280,280,2
REGION_88,5280,320,2
REGION_88,5320,320,2
REGION_88,5320,280,2
REGION_89,5280,120,2
REGION_89,5280,160,2
REGION_89,5320,160,2
REGION_89,5320,120,2
REGION_90,5280,120,2
REGION_90,5280,160,2
REGION_90,5320,160,2
REGION_90,5320,120,2
REGION_91,5280,120,2
REGION_91,5280,160,2
REGION_91,5320,160,2
REGION_91,5320,120,2
REGION_92,5280,120,2
REGION_92,5280,160,2
REGION_92,5320,160,2
REGION_92,5320,120,2
REGION_93,5280,120,2
REGION_93,5280,160,2
REGION_93,5320,160,2
REGION_93,5320,120,2
REGION_94,5280,120,2
REGION_94,5280,160,2
REGION_94,5320,160,2
REGION_94,5320,120,2
REGION_95,5280,120,2
REGION_95,5280,160,2
REGION_95,5320,160,2
REGION_95,5320,120,2
REGION_96,5280,120,2
REGION_96,5280,160,2
REGION_96,5320,160,2
REGION_96,5320,120,2
REGION_97,5680,120,2
REGION_97,5680,160,2
REGION_97,5720,160,2
REGION_97,5720,120,2
REGION_98,5280,120,2
REGION_98,5280,160,2
REGION_98,5320,160,2
REGION_98,5320,120,2
REGION_99,5280,120,2
REGION_99,5280,160,2
REGION_99,5320,160,2
REGION_99,5320,120,2
REGION_100,5680,120,2
REGION_100,5680,160,2
REGION_100,5720,160,2
REGION_100,5720,120,2
REGION_101,5280,120,2
REGION_101,5280,160,2
REGION_101,5320,160,2
REGION_101,5320,120,2
REGION_102,5280,120,2
REGION_102,5280,160,2
REGION_102,5320,160,2
REGION_102,5320,120,2
REGION_103,5280,120,2
REGION_103,5280,160,2
REGION_103,5320,160,2
REGION_103,5320,120,2
REGION_104,5680,120,2
REGION_104,5680,160,2
REGION_104,5720,160,2
REGION_104,5720,120,2
REGION_105,5680,120,2
REGION_105,5680,160,2
REGION_105,5720,160,2
REGION_105,5720,120,2
REGION_106,5680,120,2
REGION_106,5680,160,2
REGION_106,5720,160,2
REGION_106,5720,120,2
REGION_107,5280,120,2
REGION_107,5280,160,2
REGION_107,5320,160,2
REGION_107,5320,120,2
REGION_108,5280,10240,2
REGION_108,5280,10280,2
REGION_108,5320,10280,2
REGION_108,5320,10240,2
REGION_109,6280,10240,2
REGION_109,6280,10280,2
REGION_109,6320,10280,2
REGION_109,6320,10240,2
REGION_110,5680,10240,2
REGION_110,5680,10280,2
REGION_110,5720,10280,2
REGION_110,5720,10240,2
REGION_111,5680,10240,2
REGION_111,5680,10280,2
REGION_111,5720,10280,2
REGION_111,5720,10240,2
REGION_112,5680,10240,2
REGION_112,5680,10280,2
REGION_112,5720,10280,2
REGION_112,5720,10240,2
REGION_113,5280,10240,2
REGION_113,5280,10280,2
REGION_113,5320,10280,2
REGION_113,5320,10240,2
REGION_114,5280,10240,2
REGION_114,5280,10280,2
REGION_114,5320,10280,2
REGION_114,5320,10240,2
REGION_115,5280,10240,2
REGION_115,5280,10280,2
REGION_115,5320,10280,2
REGION_115,5320,10240,2
REGION_116,5280,10240,2
REGION_116,5280,10280,2
REGION_116,5320,10280,2
REGION_116,5320,10240,2
REGION_117,5280,10240,2
REGION_117,5280,10280,2
REGION_117,5320,10280,2
REGION_117,5320,10240,2
REGION_118,5280,10240,2
REGION_118,5280,10280,2
REGION_118,5320,10280,2
REGION_118,5320,10240,2
REGION_119,5280,10240,2
REGION_119,5280,10280,2
REGION_119,5320,10280,2
REGION_119,5320,10240,2
REGION_120,6280,10240,2
REGION_120,6280,10280,2
REGION_120,6320,10280,2
REGION_120,6320,10240,2
REGION_121,5680,10240,2
REGION_121,5680,10280,2
REGION_121,5720,10280,2
REGION_121,5720,10240,2
REGION_122,5280,10240,2
REGION_122,5280,10280,2
REGION_122,5320,10280,2
REGION_122,5320,10240,2
REGION_123,5680,10240,2
REGION_123,5680,10280,2
REGION_123,5720,10280,2
REGION_123,5720,10240,2
REGION_124,6280,10240,2
REGION_124,6280,10280,2
REGION_124,6320,10280,2
REGION_124,6320,10240,2
REGION_125,5280,10240,2
REGION_125,5280,10280,2
REGION_125,5320,10280,2
REGION_125,5320,10240,2
REGION_126,5280,10240,2
REGION_126,5280,10280,2
REGION_126,5320,10280,2
REGION_126,5320,10240,2
REGION_127,5280,10240,2
REGION_127,5280,10280,2
REGION_127,5320,10280,2
REGION_127,5320,10240,2
REGION_128,6280,10240,2
REGION_128,6280,10280,2
REGION_128,6320,10280,2
REGION_128,6320,10240,2
REGION_129,5280,10240,2
REGION_129,5280,10280,2
REGION_129,5320,10280,2
REGION_129,5320,10240,2
REGION_130,5280,10240,2
REGION_130,5280,10280,2
REGION_130,5320,10280,2
REGION_130,5320,10240,2
REGION_131,6280,10240,2
REGION_131,6280,10280,2
REGION_131,6320,10280,2
REGION_131,6320,10240,2
REGION_132,6280,10240,2
REGION_132,6280,10280,2
REGION_132,6320,10280,2
REGION_132,6320,10240,2
REGION_133,5680,10240,2
REGION_133,5680,10280,2
REGION_133,5720,10280,2
REGION_133,5720,10240,2
REGION_134,5280,10240,2
REGION_134,5280,10280,2
REGION_134,5320,10280,2
REGION_134,5320,10240,2
REGION_135,5280,10240,2
REGION_135,5280,10280,2
REGION_135,5320,10280,2
REGION_135,5320,10240,2
REGION_136,5280,10240,2
REGION_136,5280,10280,2
REGION_136,5320,10280,2
REGION_136,5320,10240,2
REGION_137,3960,4440,2
REGION_137,3960,4480,2
REGION_137,4000,4480,2
REGION_137,4000,4440,2
REGION_138,3960,4440,2
REGION_138,3960,4480,2
REGION_138,4000,4480,2
REGION_138,4000,4440,2
REGION_139,3960,4440,2
REGION_139,3960,4480,2
REGION_139,4000,4480,2
REGION_139,4000,4440,2
REGION_140,3960,4440,2
REGION_140,3960,4480,2
REGION_140,4000,4480,2
REGION_140,4000,4440,2
REGION_141,3960,4440,2
REGION_141,3960,4480,2
REGION_141,4000,4480,2
REGION_141,4000,4440,2
REGION_142,4080,4240,2
REGION_142,4080,4280,2
REGION_142,4120,4280,2
REGION_142,4120,4240,2
REGION_143,3960,4440,2
REGION_143,3960,4480,2
REGION_143,4000,4480,2
REGION_143,4000,4440,2
REGION_144,4080,4240,2
REGION_144,4080,4280,2
REGION_144,4120,4280,2
REGION_144,4120,4240,2
REGION_145,3960,4440,2
REGION_145,3960,4480,2
REGION_145,4000,4480,2
REGION_145,4000,4440,2
REGION_146,3960,4440,2
REGION_146,3960,4480,2
REGION_146,4000,4480,2
REGION_146,4000,4440,2
REGION_147,3960,4440,2
REGION_147,3960,4480,2
REGION_147,4000,4480,2
REGION_147,4000,4440,2
REGION_148,3960,4440,2
REGION_148,3960,4480,2
REGION_148,4000,4480,2
REGION_148,4000,4440,2
REGION_149,3960,4440,2
REGION_149,3960,4480,2
REGION_149,4000,4480,2
REGION_149,4000,4440,2
REGION_150,3960,4440,2
REGION_150,3960,4480,2
REGION_150,4000,4480,2
REGION_150,4000,4440,2
REGION_151,4080,4240,2
REGION_151,4080,4280,2
REGION_151,4120,4280,2
REGION_151,4120,4240,2
REGION_152,3960,4440,2
REGION_152,3960,4480,2
REGION_152,4000,4480,2
REGION_152,4000,4440,2
REGION_153,3960,4440,2
REGION_153,3960,4480,2
REGION_153,4000,4480,2
REGION_153,4000,4440,2
REGION_154,4080,4240,2
REGION_154,4080,4280,2
REGION_154,4120,4280,2
REGION_154,4120,4240,2
REGION_155,3960,4440,2
REGION_155,3960,4480,2
REGION_155,4000,4480,2
REGION_155,4000,4440,2
REGION_156,3960,4440,2
REGION_156,3960,4480,2
REGION_156,4000,4480,2
REGION_156,4000,4440,2
REGION_157,4080,4240,2
REGION_157,4080,4280,2
REGION_157,4120,4280,2
REGION_157,4120,4240,2
REGION_158,4080,4240,2
REGION_158,4080,4280,2
REGION_158,4120,4280,2
REGION_158,4120,4240,2
REGION_159,3960,4440,2
REGION_159,3960,4480,2
REGION_159,4000,4480,2
REGION_159,4000,4440,2
REGION_160,3960,4440,2
REGION_160,3960,4480,2
REGION_160,4000,4480,2
REGION_160,4000,4440,2
REGION_161,4080,4240,2
REGION_161,4080,4280,2
REGION_161,4120,4280,2
REGION_161,4120,4240,2
REGION_162,3960,4440,2
REGION_162,3960,4480,2
REGION_162,4000,4480,2
REGION_162,4000,4440,2
REGION_163,3960,4440,2
REGION_163,3960,4480,2
REGION_163,4000,4480,2
REGION_163,4000,4440,2
REGION_164,4080,4240,2
REGION_164,4080,4280,2
REGION_164,4120,4280,2
REGION_164,4120,4240,2
REGION_165,3960,4440,2
REGION_165,3960,4480,2
REGION_165,4000,4480,2
REGION_165,4000,4440,2
REGION_166,3960,4440,2
REGION_166,3960,4480,2
REGION_166,4000,4480,2
REGION_166,4000,4440,2
REGION_167,3960,4440,2
REGION_167,3960,4480,2
REGION_167,4000,4480,2
REGION_167,4000,4440,2
REGION_168,3960,4440,2
REGION_168,3960,4480,2
REGION_168,4000,4480,2
REGION_168,4000,4440,2
REGION_169,3960,4440,2
REGION_169,3960,4480,2
REGION_169,4000,4480,2
REGION_169,4000,4440,2
REGION_170,4080,4240,2
REGION_170,4080,4280,2
REGION_170,4120,4280,2
REGION_170,4120,4240,2
REGION_171,3960,4440,2
REGION_171,3960,4480,2
REGION_171,4000,4480,2
REGION_171,4000,4440,2
REGION_172,3960,4440,2
REGION_172,3960,4480,2
REGION_172,4000,4480,2
REGION_172,4000,4440,2
REGION_173,3960,4440,2
REGION_173,3960,4480,2
REGION_173,4000,4480,2
REGION_173,4000,4440,2
REGION_174,3960,4440,2
REGION_174,3960,4480,2
REGION_174,4000,4480,2
REGION_174,4000,4440,2
REGION_175,4080,4240,2
REGION_175,4080,4280,2
REGION_175,4120,4280,2
REGION_175,4120,4240,2
REGION_176,3960,4440,2
REGION_176,3960,4480,2
REGION_176,4000,4480,2
REGION_176,4000,4440,2
REGION_177,3960,4440,2
REGION_177,3960,4480,2
REGION_177,4000,4480,2
REGION_177,4000,4440,2
REGION_178,3960,4440,2
REGION_178,3960,4480,2
REGION_178,4000,4480,2
REGION_178,4000,4440,2
REGION_179,3960,4440,2
REGION_179,3960,4480,2
REGION_179,4000,4480,2
REGION_179,4000,4440,2
REGION_180,4080,4240,2
REGION_180,4080,4280,2
REGION_180,4120,4280,2
REGION_180,4120,4240,2
REGION_181,3960,4440,2
REGION_181,3960,4480,2
REGION_181,4000,4480,2
REGION_181,4000,4440,2
REGION_182,4080,4240,2
REGION_182,4080,4280,2
REGION_182,4120,4280,2
REGION_182,4120,4240,2
REGION_183,3960,4440,2
REGION_183,3960,4480,2
REGION_183,4000,4480,2
REGION_183,4000,4440,2
REGION_184,3960,4440,2
REGION_184,3960,4480,2
REGION_184,4000,4480,2
REGION_184,4000,4440,2
REGION_185,3960,4440,2
REGION_185,3960,4480,2
REGION_185,4000,4480,2
REGION_185,4000,4440,2
REGION_186,3960,4440,2
REGION_186,3960,4480,2
REGION_186,4000,4480,2
REGION_186,4000,4440,2
REGION_187,3960,4440,2
REGION_187,3960,4480,2
REGION_187,4000,4480,2
REGION_187,4000,4440,2
REGION_188,8000,4680,2
REGION_188,8000,4720,2
REGION_188,8040,4720,2
REGION_188,8040,4680,2
REGION_189,8040,4760,2
REGION_189,8040,4800,2
REGION_189,8080,4800,2
REGION_189,8080,4760,2
REGION_190,8040,4760,2
REGION_190,8040,4800,2
REGION_190,8080,4800,2
REGION_190,8080,4760,2
REGION_191,8000,4680,2
REGION_191,8000,4720,2
REGION_191,8040,4720,2
REGION_191,8040,4680,2
REGION_192,8000,4680,2
REGION_192,8000,4720,2
REGION_192,8040,4720,2
REGION_192,8040,4680,2
REGION_193,8000,4680,2
REGION_193,8000,4720,2
REGION_193,8040,4720,2
REGION_193,8040,4680,2
REGION_194,8040,4760,2
REGION_194,8040,4800,2
REGION_194,8080,4800,2
REGION_194,8080,4760,2
REGION_195,9080,4640,2
REGION_195,9080,4680,2
REGION_195,9120,4680,2
REGION_195,9120,4640,2
REGION_196,3960,4440,2
REGION_196,3960,4480,2
REGION_196,4000,4480,2
REGION_196,4000,4440,2
REGION_197,7760,3960,2
REGION_197,7760,4000,2
REGION_197,7800,4000,2
REGION_197,7800,3960,2
REGION_198,80,160,2
REGION_198,80,200,2
REGION_198,120,200,2
REGION_198,120,160,2
REGION_199,200,5120,2
REGION_199,200,5160,2
REGION_199,240,5160,2
REGION_199,240,5120,2
REGION_200,3960,4440,2
REGION_200,3960,4480,2
REGION_200,4000,4480,2
REGION_200,4000,4440,2
REGION_201,3960,4440,2
REGION_201,3960,4480,2
REGION_201,4000,4480,2
REGION_201,4000,4440,2
REGION_202,3960,4440,2
REGION_202,3960,4480,2
REGION_202,4000,4480,2
REGION_202,4000,4440,2
REGION_203,3960,4440,2
REGION_203,3960,4480,2
REGION_203,4000,4480,2
REGION_203,4000,4440,2
REGION_204,11280,3640,2
REGION_204,11280,3680,2
REGION_204,11320,3680,2
REGION_204,11320,3640,2
REGION_205,200,5280,2
REGION_205,200,5320,2
REGION_205,240,5320,2
REGION_205,240,5280,2
REGION_206,7760,3960,2
REGION_206,7760,4000,2
REGION_206,7800,4000,2
REGION_206,7800,3960,2
REGION_207,3760,10240,2
REGION_207,3760,10280,2
REGION_207,3800,10280,2
REGION_207,3800,10240,2
REGION_208,3880,4920,2
REGION_208,3880,4960,2
REGION_208,3920,4960,2
REGION_208,3920,4920,2
REGION_209,9000,10080,2
REGION_209,9000,10120,2
REGION_209,9040,10120,2
REGION_209,9040,10080,2
REGION_210,3240,6480,2
REGION_210,3240,6520,2
REGION_210,3280,6520,2
REGION_210,3280,6480,2
REGION_211,200,5280,2
REGION_211,200,5320,2
REGION_211,240,5320,2
REGION_211,240,5280,2
REGION_212,200,5280,2
REGION_212,200,5320,2
REGION_212,240,5320,2
REGION_212,240,5280,2
REGION_213,9320,4720,2
REGION_213,9320,4760,2
REGION_213,9360,4760,2
REGION_213,9360,4720,2
REGION_214,9320,4720,2
REGION_214,9320,4760,2
REGION_214,9360,4760,2
REGION_214,9360,4720,2
REGION_215,9320,4720,2
REGION_215,9320,4760,2
REGION_215,9360,4760,2
REGION_215,9360,4720,2
REGION_216,9320,4720,2
REGION_216,9320,4760,2
REGION_216,9360,4760,2
REGION_216,9360,4720,2
REGION_217,9320,4720,2
REGION_217,9320,4760,2
REGION_217,9360,4760,2
REGION_217,9360,4720,2
REGION_218,9320,4720,2
REGION_218,9320,4760,2
REGION_218,9360,4760,2
REGION_218,9360,4720,2
REGION_219,9320,4720,2
REGION_219,9320,4760,2
REGION_219,9360,4760,2
REGION_219,9360,4720,2
REGION_220,9320,4720,2
REGION_220,9320,4760,2
REGION_220,9360,4760,2
REGION_220,9360,4720,2
REGION_221,9320,4720,2
REGION_221,9320,4760,2
REGION_221,9360,4760,2
REGION_221,9360,4720,2
REGION_222,9320,4720,2
REGION_222,9320,4760,2
REGION_222,9360,4760,2
REGION_222,9360,4720,2
REGION_223,440,9680,2
REGION_223,440,9720,2
REGION_223,480,9720,2
REGION_223,480,9680,2
REGION_224,3120,6200,2
REGION_224,3120,6240,2
REGION_224,3160,6240,2
REGION_224,3160,6200,2
REGION_225,80,160,2
REGION_225,80,200,2
REGION_225,120,200,2
REGION_225,120,160,2
REGION_226,280,4800,2
REGION_226,280,4840,2
REGION_226,320,4840,2
REGION_226,320,4800,2
REGION_227,7520,3880,2
REGION_227,7520,3920,2
REGION_227,7560,3920,2
REGION_227,7560,3880,2
REGION_228,11280,4040,2
REGION_228,11280,4080,2
REGION_228,11320,4080,2
REGION_228,11320,4040,2
REGION_229,11160,10200,2
REGION_229,11160,10240,2
REGION_229,11200,10240,2
REGION_229,11200,10200,2
REGION_230,11120,120,2
REGION_230,11120,160,2
REGION_230,11160,160,2
REGION_230,11160,120,2
REGION_231,440,9680,2
REGION_231,440,9720,2
REGION_231,480,9720,2
REGION_231,480,9680,2
REGION_232,440,9680,2
REGION_232,440,9720,2
REGION_232,480,9720,2
REGION_232,480,9680,2
